{
    "tests": [
        {
            "name": "test_1_minimax (principles_of_autonomy.notebook_tests.pset_5.TestPSet5)",
            "score": 50,
            "max_score": 50,
            "status": "passed"
        },
        {
            "name": "test_2_alpha_beta (principles_of_autonomy.notebook_tests.pset_5.TestPSet5)",
            "score": 25,
            "max_score": 25,
            "status": "passed"
        },
        {
            "name": "test_3_expectimax (principles_of_autonomy.notebook_tests.pset_5.TestPSet5)",
            "score": 25,
            "max_score": 25,
            "status": "passed"
        },
        {
            "name": "test_4_form_word (principles_of_autonomy.notebook_tests.pset_5.TestPSet5)",
            "score": 5,
            "max_score": 5,
            "status": "passed"
        }
    ],
    "leaderboard": [],
    "execution_time": "0.01",
    "score": 105
}
